feature	metadata	value	coef	stderr	pval	qval	base.model	tweedie.index	N	N.not.zero	percent.zero
yjiY	ResistanceType	TP	1.17210540948459	0.0171144603466209	2.72345606603227e-07	0.000220599941348614	CPLM	1.01	6	6	0
hsdR	ResistanceType	TP	1.14380640456431	0.0226535488327992	9.20770301389892e-07	0.000362257266901031	CPLM	1.99	6	6	0
yagF	ResistanceType	TP	-1.26097876183223	0.0274426348164843	1.34169358111493e-06	0.000362257266901031	CPLM	1.01	6	6	0
yagG	ResistanceType	TP	-1.04806249887682	0.0409784144261056	1.38806519101624e-05	0.00281083201180788	CPLM	1.01	6	6	0
yjbF	ResistanceType	TP	-0.450001195155413	0.0191620927222762	1.94911104918665e-05	0.00315755989968237	CPLM	1.01	6	6	0
asd	ResistanceType	TP	-0.0826919498741229	0.00372425925752979	2.43561050822192e-05	0.00328807418609959	CPLM	1.01	6	6	0
yjbG	ResistanceType	TP	-0.532644547343166	0.0308840666134012	6.6323510219423e-05	0.00767457761110466	CPLM	1.01	6	6	0
yjbH	ResistanceType	TP	-0.469939257903982	0.0306676790948652	0.000105797958063502	0.0107120432539296	CPLM	1.01	6	6	0
ydbD	ResistanceType	TP	-0.839656439004081	0.0590895652954481	0.000142424122885822	0.012818171059724	CPLM	1.01	6	6	0
